Brand Name,Brand Link
Maruti Suzuki,https://www.carwale.com/maruti-suzuki-cars/
Mahindra,https://www.carwale.com/mahindra-cars/
Tata,https://www.carwale.com/tata-cars/
Hyundai,https://www.carwale.com/hyundai-cars/
Toyota,https://www.carwale.com/toyota-cars/
Kia,https://www.carwale.com/kia-cars/
Skoda,https://www.carwale.com/skoda-cars/
BMW,https://www.carwale.com/bmw-cars/
Citroen,https://www.carwale.com/citroen-cars/
Renault,https://www.carwale.com/renault-cars/
Honda,https://www.carwale.com/honda-cars/
Land Rover,https://www.carwale.com/land-rover-cars/
Volkswagen,https://www.carwale.com/volkswagen-cars/
MG,https://www.carwale.com/mg-cars/
Mercedes-Benz,https://www.carwale.com/mercedes-benz-cars/
Nissan,https://www.carwale.com/nissan-cars/
Jeep,https://www.carwale.com/jeep-cars/
Audi,https://www.carwale.com/audi-cars/
BYD,https://www.carwale.com/byd-cars/
Volvo,https://www.carwale.com/volvo-cars/
Porsche,https://www.carwale.com/porsche-cars/
Lexus,https://www.carwale.com/lexus-cars/
Vinfast,https://www.carwale.com/vinfast-cars/
Lamborghini,https://www.carwale.com/lamborghini-cars/
MINI,https://www.carwale.com/mini-cars/
Rolls-Royce,https://www.carwale.com/rolls-royce-cars/
Ferrari,https://www.carwale.com/ferrari-cars/
Jaguar,https://www.carwale.com/jaguar-cars/
Force Motors,https://www.carwale.com/force-motors-cars/
Maserati,https://www.carwale.com/maserati-cars/
Tesla,https://www.carwale.com/tesla-cars/
Isuzu,https://www.carwale.com/isuzu-cars/
Aston Martin,https://www.carwale.com/aston-martin-cars/
McLaren,https://www.carwale.com/mclaren-cars/
Bentley,https://www.carwale.com/bentley-cars/
Lotus,https://www.carwale.com/lotus-cars/
